Post_Text,Emotions
i feel like this is a perfectly acceptable number since baby is really starting to crowd my lungs a bit more now,joy
i feel less useless on a day like this lol,sadness
i go home feeling simultaneously gutted and determined,joy
i feel innocent on summer nights,joy
i go closest to feeling the joys when i am physically beside friends i adore and am spending precious quality time together,joy
i kind of asked somebody if they confirmed my feeling and they ignored me so i guess i went on,sadness
i am feeling morose for i have been reading wuthering heights,sadness
i feel so impressed by a dental work in front of me as well as a cost which we am deliberation suicide,surprise
i started to feel thankful for my bed,joy
i run a full computer scan with my avast antivirus it shows no viruses however i m still feeling kind of paranoid about these programs,fear
i feel calm just thinking about it,joy
i often feel angry or wound up about all the injustices and while the concerns are important and taking action is worthwhile existing in a constant state of feeling over wound cant be healthy,anger
i feel have shown me that timing is veery important,joy
i still don t feel devastated by the break up,sadness
i hate this feeling to see you that way youre so talented yet you cover yourself you locked yourself,joy
im at the end of the day and im just exhausted and feeling very discouraged and under appreciated right now,sadness
i almost feel hesitant to write about this it s a topic that s so near and dear to my heart,fear
i am feeling so sad right now,sadness
i am sorry if you feel offended by my humorous statement my friend,anger
i am feeling brave i will attempt it,joy
i couldnt help but feel a little selfish for wanting her to stay but in relationships of this sort youd better get used to some premature goodbyes,anger
i also get this as another take home message you need to push your own limits do things that make you feel uncomfortable that scare you,fear
i feel like ive been running around without any sense of direction or longing of purpose or life goals,love
i feel gulity and feeling like im not being loyal and feel like im even cheating on her with,love
i feel that i m so pathetic and downright dumb to let people in let them toy with my feelings and then leaving me to clean up this pile of sadness inside me,sadness
i wanted to feel about our wedding and i hated that i felt resentful of what is supposed to be a joyous and celebratory occasion,anger
im in the second trimester i feel amazing,surprise
im just feeling so dazed everyday,surprise
i feel privileged to meet true heroes male and female yet by the masses unsung the world is full of heroes of heroes old and young,joy
i feel so dissatisfied angry and embarrassed,anger
im not going to lie it feels really weird to be writing this right now,surprise
im sure much of the advantage is psychological the feeling ive out clevered the competition who are now hopelessly burdened with their big chainring jump,sadness
i did not feel very much convinced of likelihood of dennis weaver to be using cocaine,joy
im tired of my family being so concerned about stevens man feelings when he does stupid shit that pisses me off like wrecking my expensive sweater and my pendleton blanket,sadness
ive never had a cavity and the dentist always praises me and makes me feel fabulous because of my outstanding dental health,joy
i feel that it is something that will never really be resolved,joy
i see wonderful godly parents taking care of their childrens i praise god even though i feel jealous,anger
i was fond of but to whom i have remained quiet about my liking for them either because i am confused about my feeling or because i feel inadequate about myself,sadness
i have a feeling its going to be a little sweet for my tastes,love
im feeling very remorseful at the moment,sadness
i feel like ive hit a sweet spot in life,joy
i alternate between feeling embarrassed and excited that my almost teen sister and i share some similar interests in books,sadness
i feel for matters at hand to be resolved these are no tears of self pity,joy
i type i feel bouncy and excited to get out my ideas,joy
i feel like my rejected little artist comes by to remind me not to ignore it from time to time,sadness
i feel our culture and artistic history is slowly slipping away except in the small groups that try to keep it alive,joy
i feel so ungrateful when thinking saying these things but im not sure how to make myself better,sadness
i called myself pro life and voted for perry without knowing this information i would feel betrayed but moreover i would feel that i had betrayed god by supporting a man who mandated a barely year old vaccine for little girls putting them in danger to financially support people close to him,joy
i dont remember a day i was not romantic and feel passionate about the feeling of life,love
i do not feel any regret that is a sorrow for an act or a failure to act because i think my daughter s experience here has been valuable and like most experiences imperfect,joy
i want to without feeling too inhibited,sadness
i feel it is vital to lay everything on the table now im not interested in setting myself up for further humiliation and disappointment,joy
i suggest you do though it might be hard cause it is a bit slow at times if you don t feel a bit of a tug at your heart or perhaps feel a tear forming in your tear ducts i will declare that you are heartless and thus should be banished from the rest of the world,anger
i like the feel of the game but im not very fond of the color scheme,love
i feel thankful to be strong enough and courageous enough to have taken the steps to change my life,joy
ive been feeling so restless lately why i bleached my hair so much a month ago,fear
i got back up after feeling in vain really because of scarlets reply regarding a myspace message,sadness
i felt even more frustrated and discouraged when i realized my reputation had been damaged but i also realized i had a choice i could feel resentful for the situation i was in or i could rebuild my good reputation,anger
i am feeling like something sweet there is always fruit,love
i just feel so fucked up by everything that the only place i can confide and spill my emotions is here because there isnt anyone like you,anger
i still feel really shaken about the whole thing,fear
im feeling exhausted today,sadness
i am feeling the purpose of caring for those of us who are caregivers as well,love
i feel superior but in the end i feel worthless and i feel everyone else to be just as worthless,joy
i was feeling particularly discouraged at how little weve seen of him lately and i decided that i needed to stop being negative and instead refocus my thoughts and remember some of the many things we have to be grateful for right now,sadness
i wrote this article because if the extroverts can become more educated about introverts introverts will be able to feel free to stay true to who they are and that s a good thing from society s point of view,joy
i can finish even if i have to eat and feel satisfied bellmont cabinets before it leaves bellmont cabinets a wipe out on the spot it is not necessary to wipe out for when you o,joy
i feel like i m just a good actress then maybe,joy
i always read but feel hesitant to comment and unsure of what to say,fear
i feel a bit frantic today with everything i need to get done,fear
i feel angered by this and confused on how she could remarry already and especially to my father s own brother,anger
i get a day off from writing and feeling pressure to be funny and get to laugh at your stories and share some blog love monday is the wonderful a href http geremiafamily,surprise
i love those kiddos and yet am left feeling so helpless,sadness
i feel dumb to not have the slightest clue about it lolll p but all in all i appreciated every second of my birthday and felt very blissful to have everyone in my life,sadness
i wouldnt want him to feel burdened by it all or one day resent adrian for making his life harder,sadness
i feel guilty that s why,sadness
im feeling quite festive,joy
i am fighting with all my might to not feel defeated from the sinus allergy situation,sadness
i was feeling anxious and just could not sleep,fear
i feel terrible about it though because i know how much courage it takes to ask,sadness
i have had a seizure i am not allowed to take part even though i feel fine,joy
i want to feel good but during that short week you don t get a chance,joy
ill think about my new sewing room and the awesome feeling it is to have a place where i can be as messy as i like without anyone moaning,sadness
i believe my ground game is where i feel most superior,joy
i cant even believe that i have reached a half century young and feel so terrific,joy
i feel that being faithful isnt enough in your eyes,love
i feel happy about this,joy
i just listened to ed and then after feeling regretful i just laid on the floor with a sore throat and my heart beating in strange rhythms,sadness
i feel really strange about this,surprise
i have heard that there are women out there whose pinterest experiences causes them to feel inadequate as mothers wives and friends,sadness
i feel im supposed to hate dams amp all the control of nature that they represent but sometimes they really are the most elegant amp awe inspiring structures,joy
i feel the need to put my deepest darkest vulnerabilities into words it s not pleasant but it helps me,joy
i have stayed at heritage christian because of the fulfillment that i feel in doing christ s work in action by being the hands the eyes the legs and the voice of supporting the individuals that i have been blessed to know and support,joy
i am feeling fine i guess,joy
i trust heavily when i feel that the trust is worthwhile,joy
i tried hard to avoid kim and her insults i tried hard not to feel as though i wasnt really respected by anyone or perhaps i wasnt at all welcome,joy
i appeared in his office stony expression back on my face prepared to sever ties with the man while feeling heartbroken at the prospect,sadness
i feel mellow antonios,joy
i started out feeling amazing,joy
i feel tortured,anger
i have a feeling often and often that its dangerous to wait for things that if you wait for things they only go further and further away,anger
i feel threatened and my sense of security feels threatened i freak out,fear
im feeling relaxed,joy
i really did not feel so impressed with houston when i came here last time,surprise
i get up to refill my coffee and feel that pleasant and familiar ache it reminds me how much i miss the whole body conversations you can have when you re sitting on a good good horse,joy
i feel gracious what about you,love
i have a lot of feelings of love and warmth for her but sometimes i think i tortured her,anger
im feeling really horny with all this new power,love
i was going to tell you more about my trip to oregon but right now im not super feeling it and reading about other peoples vacations gets a little boring right,sadness
i feel lucky really,joy
im feeling nostalgic about listening to this kind of music again,love
i said earlier that the overall feeling is joyful happy thankful and that s spoken in just about every other post i have of mason,joy
i didn t feel amazed,surprise
i stand next to her feeling less than glamorous in my baseball t shirt levi s and black sneakers,joy
i feel like i have been sitting in this stupid chair for hours,sadness
i must admit by the time i got back dripping i was feeling like id been beaten it was very much a run of three thirds,sadness
i feel confident that you and i have something solid,joy
i can talk to her about almost anything i want to and she just listens and she doesnt make me feel like a whiney brat and she helps me sort my thoughts and make decisions while keeping me where she feels im safe,sadness
i just feel really listless right now,sadness
i cannot help feeling a little sceptical,fear
i know that right before going into the psych ward i was my lowest ever and hadn t eaten in two weeks and then i had to eat and then i had to take a bunch of medications and the weight just went sky high and i feel terrible right now,sadness
i feel embarrassed even typing those absurd words now because the truth is that my son has been living on our countertops since we brought this puppy home two weeks ago,sadness
i feel so amazing about taking this trip as i think ill finally be able to relax and feel comfortable at home and somehow just melt back into it,surprise
i feel that my charlie card is much more valuable than my credit card,joy
im feeling discouraged sad angry afraid of tomorrow ect,sadness
i feel like the little dorky nerdy kid sitting in his backyard all by himself listening and watching through fence to the little popular kid having his birthday party with all his cool friends that youve always wished were yours,joy
i feel hated there but had to remind my selfish self that none of this was about me,sadness
i feel shamed for me being me cuz xxx said that yes sometimes it s hard and its frustrating etc,sadness
i feel disgusted by most people,anger
i feel about petty games,anger
my last genetices midterm a decent grade,joy
i first had cordelia i didnt feel a strong urge to run which is strange for me but it has come back,joy
i see her face i just think about the amazing journey that shes been on here with us and i feel so privileged to have been a part of it,joy
i get this feeling that tells me its ok if you don t do it today you ll start again tomorrow when you have more energy,joy
i guess i feel kinda loyal to them since i ultimately plan on jumping ship in mid to late september to escape from california,love
i want to be happy again and i have forgotten what it is like to feel content,joy
i can feel you moving everyday now and its kind of weird to not be able to call you by name,fear
i had lunch with an old friend and it was nice but in general im not feeling energetic,joy
im feeling pretty terrible ill health and life took over and i was unable to get my package sorted out and posted in time for which i,sadness
ill watch either the firth version or if im feeling adventurous ill watch the fictional fantasy fulfilled version of it a,joy
i wear this i feel really radiant and i think the glow is the right amount of shimmer so that its stand out but not overly glittery or shiny,joy
i assure you marilla that i feel like praying tonight and im going to think out a special brand new prayer a href http www,joy
i am sure it will change a number of times before i am through but just at the moment i am feeling incredibly eager to get started if only all this other pesky university work would go away and start creating my fashion master piece,joy
i honestly feel at heart we should be faithful to each other if its yo girl,love
im feeling generous today oh man all of my fave clothing items are going to be widely known after this i am going to list a few other womens clothing sites that nearly my entire closet lives off,love
i wear this story as a protection from feeling the vulnerability of merely loving and depending on another human,love
i am feeling extremely devastated right now because ebloggy does not work just when the mental sewage system is clogged up its diarrhoea time and there is no virtual toilet paper in sight,sadness
i have panic attacks when the phone rings and just feel so isolated,sadness
i am surprised that she is shocked by what i have said and begin to feel dismayed as she becomes increasingly sympathetic in her responses towards me,sadness
i believe everyone can feel energetic after listening,joy
i gotta feeling that tonight s gonna be a good night as i follow you home break in and hug you through the shower curtains as you shower,joy
i wrote words without really feeling all that distressed about it,fear
i am feeling very irate right now because i have to wait for another one fucking month just to get my hair done,anger
i was sold more on the feeling than the food at the time but i can still say all beef patties special sauce lettuce cheese pickles onions on a sesame seed bun in under seconds for a free burger,joy
i lost touch with her several years ago and feel a little bitter towards her and yet not quite willing to get rid of a reminder of the good times we had,anger
i feel like im being punished for existing,sadness
i feel rotten and ive forgotten myself,sadness
i can really decode but im sorry i have to vomit my feelings out because i am so cranky and everything is getting on my nerves,anger
i cant stop the joyful tears from flowing as i feel this sweet baby moving,love
i feel greatly humiliated by the beauty of everything,sadness
i feel reassured when i listen to waldmans songs,joy
i woke up this morning feeling not grumpy but just not in the best of moods,anger
im having ssa examination tomorrow in the morning im quite well prepared for the coming exam and somehow i feel numb towards exam because in life there is much more important things than exam,sadness
i need not feel annoyed that they beg but rather love them and feel compassion that circumstances have compelled them to resort to begging,anger
i do feel more productive when the sun shines,joy
i feel that it is a little dangerous to let scientists be independently funded while working in these communal labs with no supervision or regulation,anger
i also loved bruise brothers it was so much fun playing alongside so many brilliant skaters and feeling useful on track,joy
i was questioning myself and feeling nervous about being able to hit the targets,fear
i can say is that i feel like myself when i put on a skirt heels and lipstick and when i wear clothing which has come to be accepted as neutral and nondescript like a t shirt and jeans i dont feel like myself,love
i am talking purely about feeling here but i just didnt feel that emotional when the boy was killed,sadness
i always feel so inadequate,sadness
i always feel accepted by them,joy
id love to go shopping for sure because i am annoyed feeling bitchy as of right now towards everyone especially you you you,anger
i could feel the depth and richness of the hot pot starting to develop but every small event took me away from gathering the heat to speed along the process,love
i appreciate when he shows how he feels because i know that he is not naturally an affectionate person,love
i tried to pinpoint the exact thought that made me feel crappy after presented with a task,sadness
i feel reassured that if something happened to me my guests would be able to easily get the help they need,joy
i feel really dumb and stupid for doing this,sadness
i am actually quite likes this kind of busy feeling just because i am forget every unhappy things then i wont keep on think of it,sadness
i feel so lucky that my mom is alive and i get to talk to her daily and,joy
im feeling rather listless right now,sadness
i usually increase the font and maybe if i am feeling brave change to a non standard font style,joy
i looked at him feeling quite amused and relieved,joy
ive been told over and over im not allowed to feel unhappy,sadness
i can say is that despite my occasional jokes to the contrary i feel its vital the modern reader understand that not every german was a devout nazi and many in fact detested the partys ideology especially academics and those who were forcibly conscripted into service like gunther and company,joy
i know i know you have looked at these pictures and are likely not feeling too sorry for us,sadness
i am at day and i am feeling terrific,joy
i feel quite clever,joy
i still wear it often especially if i am feeling anxious or worried about the future,fear
i could feel myself getting calm and feeling better,joy
i feel like its rude to ignore people,anger
i feel like i am now at an age where it is not as socially acceptable to hang with the guys haha and i have to force myself to make conversation with their wives girlfriends,joy
i was feeling mad about the dress and mad at myself for being mad about the dress,anger
i feel like the popular kid at school,joy
i love to hear from my friends so feel free to leave me a comment,joy
i feel it more when i see you not bothered,anger
i have to say i really feel a little useful for the progress of the second half the replacement of the shirt plus the coach s hairdryer,joy
i still feel a tad bit skeptical,fear
i resisted doing because i didn t feel it would be acceptable and one of the group leaders encouraged me to do it anyway,joy
i think i just mostly feel uncertain,fear
i do apologize in advance if you may feel offended,anger
i feel that he was completely humiliated and his grandfather s laughing in the dream roused him since the laughing echoed the taunts of the elite,sadness
i feel spiritually invigorated if physically tired,joy
i didn t consider that she maybe had difficulty in feeling accepted into a certain group of people and she was afraid of being rejected,love
i feel him i touch him with my hands i form him without wanting to i give him to myself i take him away from myself how impatient i am to see him,anger
i may feel discouraged and frustrated,sadness
i feel insulted as if he feels he doesn t have to work for my money anymore he can put out anything people will buy it and radio will find something to play just because its him,anger
i dont know what exactly i feel mostly annoyed and bored and upset and that kind of negative emotions,anger
im tired of feeling like damaged goods for being a victim,sadness
i sit the chicken preferably bone in chicken thighs skinless because i feel they have the most flavor in a crock pot so that it becomes tender and falls apart,love
ive filled in some of the holes beneath my desk with foil as i feel distressed by the idea of losing one of my sewing machine feet or the bobbin case down there,fear
i became attached early on and feeling the decline in the relationship scared me,fear
i would have to get off and walk the hill which always made me feel terrible,sadness
i would plea all the emerging law students and lawyers and common people like us who feel they have to be punished should raise their voice and protest,sadness
i do connect with a family and feel my work is valuable,joy
i also feel valued as a whipping girl for him to take out frustration and anger on maybe to a bit less of a degree than i would like,joy
i feel energetic and excited to see my results at the end of the week,joy
i seem to feel some fondness for this curious old man,surprise
i would really like to think this is all going to work out and that there was just some mistake made but im feeling pretty doomed here,sadness
i ignore peoples talking when i feel hurt already,sadness
ive never been particularly bothered about my age or the ageing process and while i feel slightly surprised that im nearly i dont really mind,surprise
i also feel the circumstances are out of my control and hostile,anger
i was missing him desperately and feeling idiotic for missing him,sadness
i want to feel emotions other than sorrowful ones without the help of drugs,sadness
i didnt feel like explaining to her that im genuinely curious and want to learn and understand and at least have some idea of what people are saying to me,surprise
i still feel violent but my ideas of torturing are far more tame than they were yesterday,anger
i know you re only doing this because i want it not because you re feeling submissive or even sexual,sadness
i arrived home with a strange feeling of happiness and discontent,sadness
i feel no i have not been the victim of a violent crime and no i have never had to deal with a girl being pregnant with my child,anger
i feel extraordinarily horny like fucking a great deal of people,love
i feel like im alone in missing him and because of that i feel a bit foolish for missing him as much as i do,sadness
i severed i feel suddenly empty much smaller and oh so tired,sadness
i feel that it was a good investment to make this building into a restaurant,joy
i feel its important to share this info for those that experience the same thing,joy
i saw lil seb i feel in love and thought he be perfect to carry around with me while i explore baltimore,joy
i feel like it would be a terrific example for any other gross disgusting animals of gross disgustingness where i stand on the geneva convention,joy
i feel that with my superior vegan diet i should not get sick at all,joy
i feel more well rested though my sinuses still hurt and my voice isn t quite back to normal,joy
i admit that there is a sort of a mexigoth feel or vibe to it which i am fond of,love
i have had my treasury selection on the front page a couple of times and believe me it is a real squeeee moment you feel jolly and smug and treat yourself to extra chocolate that day,joy
im feeling a bit needy i keep thinking i would appreciate any attention but of course that is not true,sadness
im feeling a bit out of my depth with my colouring skills amongst all this talent though so please be gentle with me,love
i am feeling pretty wonderful,joy
i really feel like i am very eager to destroy someones life and yet i always want to help everyone around me,joy
i have got a feeling typhoon aint as popular as back then when solbi was in it,joy
i am so honored to receive the award because i feel it s another step toward being welcomed into this incredible tradition of storytelling,joy
i feel like i come from a pretty innocent happy go lucky idealistic mindset that i feel like make me not such an ideal candidate to help those in the church fully understand who they are in christ and how they can live for him,joy
i am left feeling underwhelmed and ungrateful,sadness
i just feel awful and unlovable and thoroughly sorry for myself,sadness
i feel myself becoming vicious once more,anger
i didnt feel rushed,anger
i feel incredibly mellow and spacey,joy
i feel i m so emotional and messed up that i can t even think about writing in this blog and so i get out of the habit and months go by and comments go unread and suddenly i forget how to do this,sadness
i am not feeling very joyful today its been a rough day,joy
i feel horny a class arialblue href chat,love
ive already noticed that ive lost weight i feel lighter and more energetic and i feel happier,joy
i wonder maybe he has this awesome excuse and i will feel even more idiotic when he tells me it but i know he wont tell me it because he is not gonna call,sadness
i stand between the two but did not hold off their eye contact this let in one of the wangxuehai feel awkward at that time actually don t know what to say,sadness
i feel this is entirely in vain,sadness
im starting to feel graceful oh happiness,joy
i feel so alone in the world with nobody to talk to to share my feelings with,sadness
i can run i can dress up in public for fun and i can be the center of attention without feeling humiliated,sadness
i manage to complete the lap not too far behind the front runners and am feeling pretty jubilant until i realise that this is just the warm up,joy
i feel your delicate fingers,love
i was laughing at my husband because he was still feeling skeptical with me cooking nice gozelemes,fear
im feeling very jaded and uncertain about love and all basically im sick of being the one more in love of falling for someone who doesnt feel as much towards me,sadness
i feel pretty rotten,sadness
i am not a vegetarian and probably never will but i am feeling increasingly sympathetic towards those who are and towards the animals being slaughtered for our benefits,love
i did not even think to put shoes on i walked on the snow and could feel warmth from the divine love emanating from his spirit,joy
i feel a flare of anger because it still pains me to think of mal being abused like that but i can t help wonder now if he might be right,sadness
i have posted thus far and keep up with what else is to come please feel free to a title celeen gallery amp gifts facebook page href http http www,joy
i called this ward member and she said that shed been feeling really unhappy today,sadness
i feel frustrated cause i think i know whats best,anger
i miss our talks our cuddling our kissing and the feelings that you can only share with your beloved,love
im not crying in a corner or feeling so out of control irritable that i cant handle it,anger
i feel is a mistake as she is not as strong as she needs to be,joy
i feel mellow i feel free and i feel completely unmoved by society,joy
ive been feeling for years all the things im so afraid of feeling they got him guilty on six counts he was remanded to jail,fear
ive been hiding my eyes between tight hands raising my arms shouting and cursing and feeling passionate,love
i have a feeling that was because we opted to shoot more photojournalistically and completely prop free which is a personal fave of mine,joy
i feel overwhelmed by the fast pace of cities,fear
i guess but it feels like the most unpleasant joke youve ever heard,sadness
i thought i would i just feel blank,sadness
im too used to having too many expectations and too much pressure put upon me to achieve things that i feel inadequate when i take it slowly,sadness
i feel lucky to have escaped without worse consequences,joy
i was feeling festive yesterday,joy
i think i may be feeling sociable,joy
i feel that if i surrender to what life has to offer me what life has to teach me then i can rest assured that it s all meant to lead to my ultimate happiness,joy
i still feel extremely helpless,fear
i feel so ungrateful to be wishing this pregnancy over now,sadness
when i was walking around all alone at night,fear
i have more of an idea of what to expect how time consuming a newborn baby is how much they feed how they might disrupt your sleep the potential for feeling isolated how you have to scale back what you can reasonably expect to do in a day and so on,sadness
i feel as if i am being punished for using your adsense and affiliate products and for the success of my website,sadness
im starting to feel a little more energetic when the boys dont wear me out that is,joy
i feel a bit dissatisfied,anger
i consistently anticipation it s like that because i feel so admired and i feel so like safe in nature,love
i just want someone who ll make feel that i m terrified the one who ll make me crazily say i m in love i m terrified for the first time,fear
i was like ya i feel everything i m not numb at all,sadness
i actually feel more compassionate towards them,love
i left that day feeling a little dirty and wondering if i should morally take the class,sadness
i feel so hateful this morning,anger
i have to find a few baskets for storage and put up some hooks for drying yarn but it already feels so special,joy
im feeling more fucked up than last night,anger
i feel liked because people clicked like,love
i was feeling extremely whiney and lonely and sad,sadness
i drew this because i feel hated,sadness
i know that part of the problem is that i feel like i have become more boring and less of an interesting person since those days,sadness
i feel a bit sad that todays youngsters will never get to experience the bit of culture that my generation and those before it did,sadness
ill be turning a year older with you oyyy you feel special noh,joy
i am feeling quite apprehensive regarding this module as it will be the first time i ve dissected a human body wonderfully donated to the biomedical services of the university by generous members of the public and the first time i ve had to learn anatomy in detail,fear
i prevent them from inevitably feeling insulted when i tell them that life here just isn t enough for me anymore,anger
i love it when people cleverly and humorously tear apart a book that has gotten too big for its boots and now i m feeling inspired to do the same myself,joy
i am feeling a bit discouraged but am hopefull the bees will know what to do,sadness
im feeling fabulous today because i love my job,joy
i feel impressed by the professionalism and specifications the maintenance sets itself,surprise
i feel funny inside is that a reference to the circus going on in his underpants,surprise
i almost feel a little bit weird about saying anything because it would almost feel like gossip,surprise
i still had the feeling and it surprised me,surprise
i am going to several holiday parties and i can t wait to feel super awkward i am going to several holiday parties and i can t wait to feel super awkward a href http badplaydate,joy
i feel sure is greater to those who are not dazzled by the divine radiance and human comradeship seems to grow more intimate and more tender from the sense that we are all exiles on an inhospitable shore,joy
im feeling much better and im ready to get outta heaaa,joy
i feel for the author but i m also hesitant over whether or not i should comment on this subject,fear
i know everyone if anyone who reads this feels skeptical to try beachbody,fear
i live in between my moments of sun sometimes i feel like a doll on a shelf or some perverse performing puppet,sadness
i brought it to god and as im dying or feeling low during the killer push ups or power kicks i just say lord help me i can do this and i am,sadness
i just cant shake my mood and i feel more listless and unsettled than relaxed,sadness
i am feeling neglectful i feel like i should have stayed for a month or two but i could not,sadness
i feel the need to preface this by saying that i am strongly in favor of keeping violent or otherwise inappropriate videogames out of the hands of minors and i believe that this is an issue that parents and the government need to work on together,anger
i must say to get to this point where i feel nothing but just friendly feelings towards him takes alot of time,joy
i feel as if there is anyone who really understands the insincere motives of females its me,anger
i cant help feeling like something violent happened as soon as the cameras turned off wish i could find it on youtube,anger
i do feels amazing and is an investment for something greater,joy
i have been out there over the last few weeks i experienced for the first time a feeling of loving the actual act of running of pushing my daughter in the jogger of getting outsprinted by my wife although this would happen if i was in top shape anyway of having cold air nail you in the face,love
i feel jaded about everything,sadness
i feel dazed and empty and like somthing is missing in my brain,surprise
i feel strangely sympathetic towards the citizens of the capitol for some reason and the cast s overall chemistry was good the look and feel of the movie was great and i found the story to be engaging and interesting enough to be watchable,love
i feel a bit intimidated by,fear
i hemmed and hawed over it and finally decided to fight it since the thought of it left me feeling so outraged and unjust,anger
i feel like there s a reason to buy another tom petty record,anger
i feel threatened by people who actually learned stuff in college,fear
i cant get sleep she said irritated i am feeling cold,anger
i feel so cool like ice t huhwe neun gatda beoryeo priceless sesang ye ban bani namja neottaemune na ulji anha gucha hage neoreul jabgeo na mae dallil ireun jeoldae no,joy
i feel frightened to see a million youngsters aspi,fear
diagnosis that i have a stomache ulcer,fear
i feel disgusted by u,anger
i feel so embarrassed about my clothes when i am at school,sadness
i feel pretty confident in saying this,joy
i just cant shake the feeling that my impulse to add endgame bonuses or special actions would make a rather elegant game needlessly complex,joy
i feel with every day have a sweet feeling,joy
i said as five years of pain and futility lifted from my shoulders and took wing around me in angelic style i feel all jolly again,joy
i find enlightening and brilliant when i am feeling joyful can be annoying and slightly grating when the cluttered mind gets going,joy
i feel as though that talking for a month is acceptable but please pretty please get together after that,joy
im feeling a little groggy this morning since i am back at work after alex and i returned late last night from a long weekend in los angeles,sadness
i feel like we each have voices and we are each eager to hear what the other has to say,joy
i feel pretty fucked up these days cant breathe properly,anger
i was feeling adventurous so i decided to give it a new life,joy
ive explained that he is very creative and loves to makes things and i feel that he is very smart and intelligent and he is lacking in some areas that i agree with,joy
im feeling a little lethargic lately but school is still school,sadness
i guess in non metaphoric terms i seem grumpy unhappy unfeeling and bitchy,anger
i hope i m proved wrong but i can t see the england u international hitting double figures next season and unless they invest in the rest of the team to provide him with service i feel they re doomed,sadness
i feel of love again i was glad he was appearing now i am wondering how itd be if he truly loves me,joy
i feel that i dont have to get so envious,anger
im in the middle of my conversion to understanding the gospel and sometimes it feels very much like an identity crisis so please bear with me as i am very timid in this new role and life,fear
i feel so foolish and cross with myslef,sadness
i don t feel sorry for helen s camp going hungry anymore,sadness
i feel honoured to have had the post of conductor with cavatina singers,joy
i have just moved here and already i feel welcomed,joy
i feel that students in my classroom will enjoy and respect the opportunities to use their own artistic creativity,joy
i recommend bacon for dinner if you want to feel like youre doing something naughty,love
i feel like such a crappy mom right now,sadness
i can feel that my hopes have not been in vain she said,sadness
i can t help feeling a little punished for using a larger resolution,sadness
i sound desperate and pathetic to myself but i feel frantic in my need for him,fear
i feel especially troubled is the fact that these israelis arguably constitute the section of society most inclined to reach a deal with the palestinians,sadness
i feel i cannot be loyal i should step down,love
i feel incredibly selfish to say it but i was lead to believe i could trust that no matter what i would have the attention and space i needed from the people i felt loved me,anger
im feeling generous ill show you when its done,love
i had the feeling that i missed something as characters moved from place to place,sadness
i wanted to pen it down for memory sake but i was still feeling extremely emotional days after the episode and had no idea how to start,sadness
i almost feel as if i am paving the way to the more pleasant memory that prabhupada saved me and that my life now is real,joy
i have a feeling hes going to be way more successful than i am,joy
i use it as my blog name because it allows me to maintain a certain degree of anonymity without feeling like i m using a fake identity,sadness
i like the new ones better i feel they are superior to the originals in every single way,joy
i started feeling a little vulnerable when the giant spotlight started blinding me,fear
i look in my wallet and i feel a cold chill,anger
i feel this gentle desire to treat my body differently like a pregnant woman whose in the process of giving birth to her new self,love
i was angry at myself for feeling drained and exhausted especially since i had to go to my second and third jobs and wouldnt be home until much later that evening,sadness
i have to be overactive and stressed out to feel like i m actually doing something useful,joy
i have a feeling this will be a lovely little thing of a perfume,love
that day i was alone at home after coming home from school i did not know where everyone else had gone,fear
i think for once i feel quite content at the moment and free of worry,joy
i could feel the muscles in my arches ankles and calves working to support my stride and i felt so much more graceful,joy
i feel as though marjane had to live a very rushed childhood not so much for what was happening in her surroundings but because of her eager need to know everything,anger
i know how you feel i was depressed once for several days,sadness
i had feeling that if i didn t help that this can turn into a bad scene,sadness
im trying to smile for the camera and keep my eyes open while im really feeling terrified and screaming about as loud as i can with my eyes tightly closed,fear
i feel what i m thinking so she can be reassured about what she means to me,joy
i just wanted the dark of night to swallow me up into the depth of sleep similar to a coma so as not to feel and endure the suffering deep within,sadness
im lazy my characters fall into categories of smug and or blas people and their foils people who feel inconvenienced by smug and or blas people,joy
i feel a little frantic because i know peoples will be leaving soon and just a little while ago i felt like i had hella time to waste and to hold off on things,fear
im feeling generous so i think ill add a few more bonuses such as my santa babes from my gallery of perversion,joy
i feel so dumb about it,sadness
im feeling pretty on top of things,joy
i alternate between feeling perfectly happy with this plan and very sad and disappointed that we dont get to experience a real vaginal birth,joy
im just feeling a little melancholy at the end of the year,sadness
ive been feeling quite nostalgic lately so i thought i would compile a list of my favourite books from my childhood,love
i mean it was the same feeling i got around anthony and his dog weewee i know anthony probably has to give weewee up because he has dogs but that dog is devoted to anthony alone,love
i feel like waiting for you to be online and you didnt makes me furious,anger
i feel like i m being punished gt gt gt gt gt something which you could have avoided by gosh just being honest,sadness
i know is that i feel somewhat defective in the romance department,sadness
i somehow feel more insecure than ever about explaining my research,fear
i was happy to feel her embrace and devastated i d not gotten in touch before this,sadness
i think about it i feel a rushed mixture of excitement and nerves,anger
i suck in a deep breath and my lungs are left feeling needy,sadness
i can t write because i feel afraid that my silly little thoughts are not enough to help you,fear
i am nowhere perfect but i feel helpless to save my family because they are so far away,sadness
i just feel like all my efforts are in vain and a waste of time,sadness
i dont know whats wrong with me i try studying but i just feel like im fluffing around and getting distracted all the time,anger
i add ciaran and his feelings into all of this it becomes a very messy oozing and uncomfortable topic,sadness
i really feel like writing about or supporting their product in the payperpost marketplace,love
i mean obviously yes i did a hour round trip to perform for minutes and had a seriously dodgy chinese meal which has left me feeling decidedly delicate but overall i really enjoyed myself,love
i normally would want to eat this when i feel the world is dull,sadness
i feel when i am thrilled with my hair i have an extra bounce in my step and i don t worry about my outfit and make up as much,joy
i think i spent too much of my young life feeling romantic to have much saved up for adult me,love
im feeling really sentimental about things that are kind of far away from happening yall,sadness
i feel that anger toward someone else not caring about someone else being selfish creating a negative impression of someone else not noticing the person next to them not saying hello to someone they must recognize where is my good heart,love
i and others feel when angry is a huge wave of relief from what we previously felt sitting in the dank room of fear and powerlessness,anger
i was looking at her and leaning a bit forward feeling really keen on to her,joy
ill admit there is definitely some sort of testosterone laden feeling of accomplishment in being a fucking savage helping women who cannot control a way unruly crowd,anger
i will not convey all the relevant information perhaps because i feel intimidated embarrassed or too deferential,fear
i feel stressed out all the time i said and then i think about how people say stress causes cancer and i know it isn t true but i can t stop thinking that i need to relax or else my cancer will come back and then i get stressed out because i m stressed and it makes me feel worse,sadness
i feel like i dont need school to be intelligent,joy
i feel like a rag doll badly abused,sadness
im feeling particularly smug create my own,joy
i mention that i feel really unwelcome,sadness
i really want to watch it for the obvious romance reasons and i have a feeling like it would be a really funny kind of drama too i can also somewhat relate to the female main character who works with this boss who has a lot of pride and is a bit what you would like to call him as cocky,surprise
i should admit when consuming alcohol myself in small amounts i feel much less inhibited ideas come to me more easily and i can write with greater ease,fear
i want a relationship where partners empower each other not feel burdened by their histories and eccentricities,sadness
im feeling more hopeful today than i did yesterday,joy
im feeling very bitchy about this episode in general,anger
i am feeling so proud,joy
i can t help but feel amazed,surprise
i couldn t help feeling curious about what looked like fishing tackle hung in an adjoining cubicle an outsize plastic mac and sou wester dangled over an enormous pair of wellies,surprise
i tried to pretend that it was normal and unfortunately it was normal to feel unloved and afraid that terrible things would happen if i didn t smile and play along,sadness
i get the feeling that tyler is not very fond of the idea,love
i feel they had unprotected sex on several occasions she was like what if i get pregnant he was like whatever caught in the heat of passion,fear
i experienced a v drink today which is supposed to give you boundless energy for a while though full of the cold as i am i didnt feel bouncy though h noticed my speech quicken after minutes or so,joy
i am so busy feeling disgusted of myself that i have no mood to revenge on them,anger
i can feel violent biff whole length is hit by thunder same desire fire is ignited very quickly,anger
i feel curiously invigorated,joy
i am asked to lead a prayer meeting i feel a solemn responsibility to prepare myself spiritually and to plan carefully,joy
i really do like the feeling of accomplishing something worthwhile,joy
i feel privileged and beyond lucky to have met him,joy
i gotta tell you for a while i been feeling gloomed and doomed and some ugly grey clouds been hanging round me,sadness
i do feel respected where i work though,joy
im starting to feel submissive by just admitting that,sadness
i walk into a restaurant well any public place i feel like all eyes are on me and i feel really paranoid,fear
